{
  "last_greeting_date": "2026-04-14",
  "last_activity_ts": 1776217197.1396167,
  "last_idle_ts": 1776216915.256673
}